<?xml version="1.0" encoding="UTF-8"?>
<con:soapui-project id="0e2852fe-dfa4-4c4c-a5ab-69e7cef36e63" activeEnvironment="Default" name="equidadubica" resourceRoot="" soapui-version="5.6.0" abortOnError="false" runType="SEQUENTIAL" xmlns:con="http://eviware.com/soapui/config"><con:settings/><con:interface xsi:type="con:WsdlInterface" id="ced42376-364c-4c01-8c47-89461ee9c430" wsaVersion="NONE" name="UbicaPlusSoapBinding" type="wsdl" bindingName="{http://ubicaplus.webservice.com}UbicaPlusSoapBinding" soapVersion="1_1" anonymous="optional" definition="https://miportafoliouat.transunion.co/ws/UbicaPlusWebService/services/UbicaPlus?wsdl" xmlns:xsi="http://www.w3.org/2001/XMLSchema-instance"><con:settings/><con:definitionCache type="TEXT" rootPart="https://miportafoliouat.transunion.co/ws/UbicaPlusWebService/services/UbicaPlus?wsdl"><con:part><con:url>https://miportafoliouat.transunion.co/ws/UbicaPlusWebService/services/UbicaPlus?wsdl</con:url><con:content><![CDATA[<wsdl:definitions targetNamespace="http://ubicaplus.webservice.com" xmlns:apachesoap="http://xml.apache.org/xml-soap" xmlns:impl="http://ubicaplus.webservice.com" xmlns:intf="http://ubicaplus.webservice.com" xmlns:soapenc="http://schemas.xmlsoap.org/soap/encoding/" xmlns:tns1="http://dto.ubicaplus.webservice.com" xmlns:wsdl="http://schemas.xmlsoap.org/wsdl/" xmlns:wsdlsoap="http://schemas.xmlsoap.org/wsdl/soap/" xmlns:xsd="http://www.w3.org/2001/XMLSchema">
  <!--WSDL created by Apache Axis version: 1.4
Built on Apr 22, 2006 (06:55:48 PDT)-->
  <wsdl:types>
    <schema targetNamespace="http://dto.ubicaplus.webservice.com" xmlns="http://www.w3.org/2001/XMLSchema">
      <import namespace="http://schemas.xmlsoap.org/soap/encoding/"/>
      <complexType name="ParametrosUbicaPlusDTO">
        <sequence>
          <element name="codigoInformacion" nillable="true" type="soapenc:string"/>
          <element name="motivoConsulta" nillable="true" type="soapenc:string"/>
          <element name="numeroIdentificacion" nillable="true" type="soapenc:string"/>
          <element name="primerApellido" nillable="true" type="soapenc:string"/>
          <element name="tipoIdentificacion" nillable="true" type="soapenc:string"/>
        </sequence>
      </complexType>
    </schema>
  </wsdl:types>
  <wsdl:message name="consultaUbicaPlusRequest">
    <wsdl:part name="parametrosUbica" type="tns1:ParametrosUbicaPlusDTO"/>
  </wsdl:message>
  <wsdl:message name="consultaUbicaPlusResponse">
    <wsdl:part name="consultaUbicaPlusReturn" type="soapenc:string"/>
  </wsdl:message>
  <wsdl:portType name="UbicaPlusWS">
    <wsdl:operation name="consultaUbicaPlus" parameterOrder="parametrosUbica">
      <wsdl:input message="impl:consultaUbicaPlusRequest" name="consultaUbicaPlusRequest"/>
      <wsdl:output message="impl:consultaUbicaPlusResponse" name="consultaUbicaPlusResponse"/>
    </wsdl:operation>
  </wsdl:portType>
  <wsdl:binding name="UbicaPlusSoapBinding" type="impl:UbicaPlusWS">
    <wsdlsoap:binding style="rpc" transport="http://schemas.xmlsoap.org/soap/http"/>
    <wsdl:operation name="consultaUbicaPlus">
      <wsdlsoap:operation soapAction=""/>
      <wsdl:input name="consultaUbicaPlusRequest">
        <wsdlsoap:body encodingStyle="http://schemas.xmlsoap.org/soap/encoding/" namespace="http://ubicaplus.webservice.com" use="encoded"/>
      </wsdl:input>
      <wsdl:output name="consultaUbicaPlusResponse">
        <wsdlsoap:body encodingStyle="http://schemas.xmlsoap.org/soap/encoding/" namespace="http://ubicaplus.webservice.com" use="encoded"/>
      </wsdl:output>
    </wsdl:operation>
  </wsdl:binding>
  <wsdl:service name="UbicaPlusWSService">
    <wsdl:port binding="impl:UbicaPlusSoapBinding" name="UbicaPlus">
      <wsdlsoap:address location="https://miportafoliouat.transunion.co/ws/UbicaPlusWebService/services/UbicaPlus"/>
    </wsdl:port>
  </wsdl:service>
</wsdl:definitions>]]></con:content><con:type>http://schemas.xmlsoap.org/wsdl/</con:type></con:part></con:definitionCache><con:endpoints><con:endpoint>https://miportafoliouat.transunion.co/ws/UbicaPlusWebService/services/UbicaPlus</con:endpoint></con:endpoints><con:operation id="f0d491e1-c1c7-4f26-b3d2-e3144e2662e9" isOneWay="false" action="" name="consultaUbicaPlus" bindingOperationName="consultaUbicaPlus" type="Request-Response" outputName="consultaUbicaPlusResponse" inputName="consultaUbicaPlusRequest" receivesAttachments="false" sendsAttachments="false" anonymous="optional"><con:settings/><con:call id="02551d66-cd66-43cb-86c5-9d4f70e6e4a0" name="Request 1" outgoingWss="ubica"><con:settings><con:setting id="com.eviware.soapui.impl.wsdl.WsdlRequest@request-headers">&lt;xml-fragment/></con:setting><con:setting id="com.eviware.soapui.impl.wsdl.WsdlRequest@strip-whitespaces">true</con:setting></con:settings><con:encoding>UTF-8</con:encoding><con:endpoint>https://192.168.242.22:443/consulta/datos</con:endpoint><con:request><![CDATA[<soapenv:Envelope xmlns:xsi="http://www.w3.org/2001/XMLSchema-instance" xmlns:xsd="http://www.w3.org/2001/XMLSchema" xmlns:soapenv="http://schemas.xmlsoap.org/soap/envelope/" xmlns:ubic="http://ubicaplus.webservice.com">
   <soapenv:Header/>
   <soapenv:Body>
      <ubic:consultaUbicaPlus soapenv:encodingStyle="http://schemas.xmlsoap.org/soap/encoding/">
         <parametrosUbica xsi:type="dto:ParametrosUbicaPlusDTO" xmlns:dto="http://dto.ubicaplus.webservice.com">
            <codigoInformacion xsi:type="soapenc:string" xmlns:soapenc="http://schemas.xmlsoap.org/soap/encoding/">5632</codigoInformacion>
            <motivoConsulta xsi:type="soapenc:string" xmlns:soapenc="http://schemas.xmlsoap.org/soap/encoding/">24</motivoConsulta>
            <numeroIdentificacion xsi:type="soapenc:string" xmlns:soapenc="http://schemas.xmlsoap.org/soap/encoding/">262744</numeroIdentificacion>
            <primerApellido xsi:type="soapenc:string" xmlns:soapenc="http://schemas.xmlsoap.org/soap/encoding/">SEPULVEDA</primerApellido>
            <tipoIdentificacion xsi:type="soapenc:string" xmlns:soapenc="http://schemas.xmlsoap.org/soap/encoding/">1</tipoIdentificacion>
         </parametrosUbica>
      </ubic:consultaUbicaPlus>
   </soapenv:Body>
</soapenv:Envelope>
     ]]></con:request><con:credentials><con:username>307883</con:username><con:password>Rie22*</con:password><con:selectedAuthProfile>Basic</con:selectedAuthProfile><con:addedBasicAuthenticationTypes>Basic</con:addedBasicAuthenticationTypes><con:authType>Global HTTP Settings</con:authType></con:credentials><con:jmsConfig JMSDeliveryMode="PERSISTENT"/><con:jmsPropertyConfig/><con:wsaConfig mustUnderstand="NONE" version="200508" action="http://ubicaplus.webservice.com/UbicaPlusWS/consultaUbicaPlusRequest"/><con:wsrmConfig version="1.2"/></con:call></con:operation></con:interface><con:properties/><con:wssContainer><con:crypto><con:source>C:/Users/FMartinez/Documents/Proyectos SOAPUI/equidadtes.jks</con:source><con:password>Rie22*</con:password><con:type>KEYSTORE</con:type></con:crypto><con:outgoing><con:name>ubica</con:name><con:entry type="Signature" username="equidadtes" password="Rie22*"><con:configuration><crypto>equidadtes.jks</crypto><keyIdentifierType>2</keyIdentifierType><signatureAlgorithm>http://www.w3.org/2000/09/xmldsig#rsa-sha1</signatureAlgorithm><signatureCanonicalization>http://www.w3.org/2001/10/xml-exc-c14n#</signatureCanonicalization><useSingleCert>true</useSingleCert><prependSignature>true</prependSignature><digestAlgorithm>http://www.w3.org/2000/09/xmldsig#sha1</digestAlgorithm><customTokenValueType/><customTokenId/></con:configuration></con:entry><con:entry type="Timestamp"><con:configuration><timeToLive>10000</timeToLive><strictTimestamp>true</strictTimestamp></con:configuration></con:entry></con:outgoing></con:wssContainer><con:oAuth2ProfileContainer/><con:oAuth1ProfileContainer/><con:sensitiveInformation/></con:soapui-project>